Step,Time Elapsed,Tokens Per Second,Train Loss,Validation Loss,Perplexity,Learning Rate,Norm
0,9.5367431640625e-07,0.0,7.627261638641357,7.6239471435546875,2046.62451171875,1e-06,0.0
2,4.564551115036011,14357.603199271083,7.56516695022583,7.5632524490356445,1926.099853515625,0.00970147829502821,0.5238337516784668
4,7.744484186172485,20609.238790229672,7.3595499992370605,7.349756240844727,1555.8172607421875,0.007524999789893627,0.44827696681022644
6,10.689500093460083,22253.190496468185,7.164565563201904,7.24744987487793,1404.5185546875,0.004190440755337477,0.4530358612537384
8,13.67563509941101,21946.76391703536,7.126376152038574,7.083155155181885,1191.72265625,0.0012580790789797902,0.45849674940109253
9,15.246476173400879,20860.162458555213,6.994166374206543,7.086956024169922,1196.2608642578125,0.0003985212533734739,0.46040236949920654
